기준년월,HSK품목코드,수출입구분코드,수산물수출입품목명,수출입구분명,당월수출입중량(킬로그램),당월수출입미화금액(달러),당해누계수출입중량(킬로그램),당해누계수출입미화금액(달러)
Jul-23,106199000,E,기타 포유동물,수출,182,23188,1686,117524
Jul-23,106201000,E,뱀,수출,4,3446,60,13987
Jul-23,106203000,E,거북,수출,2,170,31,50650
Jul-23,106209000,E,기타 파충류,수출,130,67924,935,1024019
Jul-23,301119000,E,기타(활어)(비단잉어 외  민물의 것),수출,0,0,155,2761
Jul-23,301190000,E,기타(활어)(민물의 것),수출,0,0,1980,98891
Jul-23,301921000,E,실뱀장어(한마리당 0.3그램 이하인 것으로서 양식용으로 한정),수출,0,0,300,8610
Jul-23,301929090,E,뱀장어(앵궐라종),수출,0,0,30,816
Jul-23,301992000,E,방어(활어),수출,0,0,127,4433
Jul-23,301994091,E,돔(기타/ 참돔),수출,360,3971,2365,27182
Jul-23,301994099,E,돔(기타/ 기타),수출,12,234,48,936
Jul-23,301995000,E,붕장어(활어),수출,128379,1433034,872868,9379541
Jul-23,301996000,E,갯장어(sharp toothed eel/활어),수출,3729,117670,8472,250456
Jul-23,301998000,E,넙치(활어),수출,177306,3206845,1264381,23326761
Jul-23,301999020,E,복어(활어),수출,0,0,2508,40033
Jul-23,301999040,E,볼락(적어포함/활어),수출,1345,33223,9987,263329
Jul-23,301999060,E,숭어(활어),수출,20,173,262,3354
Jul-23,301999070,E,미꾸라지(활어),수출,403,8654,3882,85928
Jul-23,301999099,E,기타어류(활어),수출,2264,82540,55085,1261034
Jul-23,302130000,E,태평양연어(옹코링쿠스-넬카/고르부스카/케타/차비차/키수츠/마소/로드루스),수출,60,2382,60,2382
Jul-23,302140000,E,대서양 연어(신선 또는 냉장)(살모 살라) 및 다뉴브 연어(후코 후코),수출,745,19458,6347,177937
Jul-23,302210000,E,넙치(간장/ 어란제외/신선/ 냉장/피레트/ 어육제외),수출,9398,206424,70262,1520581
Jul-23,302220000,E,가자미(간장/ 어란제외/신선/ 냉장/피레트/어육제외),수출,0,0,618,9547
Jul-23,302240000,E,터벗(신선 또는 냉장)(프세타 맥시마),수출,5570,197835,22712,801636
Jul-23,302290000,E,기타 넙치류(간장/ 어란제외/신선/ 냉장/피레트/ 어육제외),수출,20744,107210,1076552,2520575
Jul-23,302340000,E,눈다랑어(터너스오베서스/신선/냉장),수출,0,0,30,267
Jul-23,302352000,E,태평양 참다랑어(신선 또는 냉장)(터너스 오리엔탈리스),수출,108,3519,801,25836
Jul-23,302390000,E,기타(신선/냉장),수출,0,0,233534,1402283
Jul-23,302410000,E,청어(신선 또는 냉장)(클루페아 하렌구스/클루페아 팔라시),수출,0,0,3485,4082
Jul-23,302420000,E,멸치(신선 또는 냉장)(엔그라울리스종),수출,0,0,157,2427
Jul-23,302430000,E,정어리(신선 또는 냉장)(사르디나 필차르두스/사르디노프스종),수출,0,0,1336,2700
Jul-23,302440000,E,고등어(신선 또는 냉장)(스콤버-스콤브루스/오스트랄시쿠스/자포니쿠스)),수출,0,0,15955,103528
Jul-23,302450000,E,전갱이(신선 또는 냉장)(트라커러스종),수출,27791,67541,174938,372657
Jul-23,302491000,E,삼치[스콤버로모러스(Scomberomorus)종],수출,31984,192412,353077,2142477
Jul-23,302492000,E,병어[팜푸스(Pampus)종],수출,5435,61135,5699,65727
Jul-23,302493000,E,꽁치[콜로라비스 사이라(Cololabis saira)],수출,0,0,18,707
Jul-23,302499000,E,기타,수출,0,0,2891,78167
Jul-23,302720000,E,메기(신선 또는 냉장)(판가시우스종/실루러스종/클라리아스종/익타루러스종),수출,21,65,308,1886
Jul-23,302730000,E,잉어(신선 또는 냉장)(사이프리너스 카르피오/카라시우스 카라시우스/크테노파린고돈 이델루스/하이포프탈미크티스종/시리누스종/마일로파린고돈 피세우스),수출,3,13,3,13
Jul-23,302740000,E,뱀장어(신선 또는 냉장)(앵귈라종),수출,26,907,162,5806
Jul-23,302790000,E,기타(신선 또는 냉장)(틸라피아/메기/잉어/뱀장어 외 기타),수출,0,0,4,60
Jul-23,302820000,E,가오리와 홍어(라지대과)(신선 또는 냉장),수출,7,70,738,11493
Jul-23,302840000,E,농어(냉동)(디센트라르쿠스종),수출,515,9258,789,12885
Jul-23,302850000,E,돔(신선 또는 냉장)(스파리대과),수출,0,0,183,2580
Jul-23,302891000,E,방어(신선 또는 냉장),수출,161,4677,389283,1039819
Jul-23,302892000,E,갈치(신선 또는 냉장),수출,53,560,20388,364957
Jul-23,302893000,E,붕장어(신선 또는 냉장),수출,2026,23396,13113,154924
Jul-23,302895000,E,꽁치(신선 또는 냉장)(학꽁치를 포함한다),수출,0,0,8472,87338
Jul-23,302896000,E,돔(신선 또는 냉장)(스파리대과를 제외한다),수출,5016,21261,51730,150463
Jul-23,302899020,E,복어(신선 또는 냉장),수출,0,0,15,342
Jul-23,302899040,E,아귀(신선 또는 냉장),수출,135,500,94510,436239
Jul-23,302899090,E,기타(신선 또는 냉장)(삼치/복어/병어/아귀 외 기타),수출,108141,2300239,449770,9114224
Jul-23,302911000,E,간,수출,0,0,55,434
Jul-23,302912000,E,어란(魚卵)ㆍ어백(魚白),수출,15,257,128,1978
Jul-23,302990000,E,기타,수출,20,20,80,303
Jul-23,303110000,E,소크아이 연어(홍연어/옹코링쿠스 넬카),수출,0,0,35411,197818
Jul-23,303120000,E,그 밖의 태평양 연어(옹코링쿠스 고르부스카/옹코링쿠스 케타/옹코링쿠스 차비차/옹코링쿠스 키수츠/옹코링쿠스 마소/옹코링쿠스 로두루스),수출,2800,17200,9461880,16769079
Jul-23,303130000,E,대서양연어(냉동)(살모 살라)와 다뉴브연어(후코 후코),수출,0,0,16033,169979
Jul-23,303190000,E,연어(기타),수출,0,0,24771,118119
Jul-23,303240000,E,메기(냉동)(판가시우스종/실루러스종/클라리아스종/익타루러스종),수출,16955,74850,40955,180950
Jul-23,303260000,E,뱀장어(냉동)(앵귈라종),수출,120,2642,126,7770
Jul-23,303290000,E,연어(송어/ 대서양연어 등 이외 기타/냉동/피레트/ 어육제외),수출,19,393,621,12355
Jul-23,303310000,E,넙치[레인하드티우스 히포글러소이데스/히포글러서스 히포글러서스/히포글러서스 스테노레피스),수출,7657,36627,354602,2457011
Jul-23,303320000,E,가자미(플루로넥테스 플라테사),수출,2525,10022,9957,62457
Jul-23,303330000,E,서대(간장/ 어란제외/냉동/피레트/ 어육제외),수출,511,6535,7015,56096
Jul-23,303391000,E,기타넙치류(냉동),수출,40995,65242,501736,1029351
Jul-23,303399000,E,기타넙치류(냉동),수출,8960,112791,105792,377663
Jul-23,303410000,E,날개다랑어 또는 긴지느러미다랑어(터너스알라룽가/냉동),수출,85527,226321,1049588,3040721
Jul-23,303420000,E,황다랑어(터너스 알바카레스/냉동),수출,4227923,9554109,18483797,45274196
Jul-23,303430000,E,가다랑어 또는 줄무늬버니토우(냉동),수출,10115900,17371298,51799625,84994335
Jul-23,303440000,E,눈다랑어(냉동),수출,105788,696250,3254708,13169098
Jul-23,303451000,E,대서양 참다랑어(냉동)(터너스 티너스),수출,17855,345539,186015,3389865
Jul-23,303452000,E,태평양 참다랑어(냉동)(터너스 오리엔탈리스),수출,0,0,113289,764894
Jul-23,303460000,E,남방참다랑어(터너스맥코이/냉동),수출,0,0,149018,2380224
Jul-23,303490000,E,기타(냉동),수출,24242,19592,73122,92446
Jul-23,303510000,E,청어(클루페아 하렌구스/클루페아 팔라시),수출,1606293,1435826,14545573,12726285
Jul-23,303530000,E,정어리(냉동)(사르디나 필차르두스/사르디노프스종),수출,1853874,1008267,17684064,11224840
Jul-23,303540000,E,고등어(스콤버 스콤브루스/스콤버 오스트랄라시쿠스/스콤버 자포니쿠스),수출,4642511,5035560,48294510,39792697
Jul-23,303550000,E,전갱이(냉동)(트라커러스종),수출,1097522,2014042,8677789,13385719
Jul-23,303570000,E,황새치(자이피어스글래디어스),수출,124753,618167,1667704,9277779
Jul-23,303591000,E,삼치[스콤버로모러스(Scomberomorus)종],수출,1483995,4681713,7089326,27105310
Jul-23,303592000,E,꽁치[콜로라비스 사이라(Cololabis saira)],수출,26220,57174,88614,222320
Jul-23,303599000,E,기타,수출,1784,13357,212185,674166
Jul-23,303630000,E,대구(가두스 모르화/가두스 오각/가두스 마크로세팔루스),수출,670934,2046797,8368656,33947546
Jul-23,303640000,E,민대구(메루키우스종/유르피키스종),수출,0,0,260,1151
Jul-23,303660000,E,민대구(냉동)(메루키우스종 등 2종),수출,27901,53350,799943,1248609
Jul-23,303670000,E,명태(냉동)(테라그라 찰코그라마),수출,319585,465261,15555000,20572433
Jul-23,303699000,E,기타(냉동)(새꼬리민태 외 기타),수출,0,0,243456,444064
Jul-23,303810000,E,곱상어와 기타 상어(냉동),수출,0,0,40191,149561
Jul-23,303821000,E,가오리(냉동),수출,21446,73611,21685,73867
Jul-23,303822000,E,홍어(냉동),수출,87679,142654,372881,626234
Jul-23,303830000,E,이빨고기(냉동)(디소스티쿠스종),수출,49475,1397735,1642871,48629113
Jul-23,303840000,E,농어(신선 또는 냉장)(디센트라르쿠스종),수출,0,0,15874,146092
Jul-23,303891000,E,은대구(냉동),수출,29380,28470,82603,312464
Jul-23,303892000,E,갈치(냉동),수출,217587,594219,3846093,8840065
Jul-23,303893010,E,옥돔(냉동)(브랜치오스테거스 자포니커스),수출,46,2328,16003,83915
Jul-23,303893020,E,옥두어(냉동)(브랜치오스테거스 알부스),수출,0,0,4,117
Jul-23,303893090,E,돔(냉동)(기타),수출,37425,53633,186019,717217
Jul-23,303894000,E,붕장어(냉동),수출,15409,161049,109554,1099307
Jul-23,303895010,E,조기(냉동),수출,45790,66678,154006,530669
Jul-23,303895020,E,조기(냉동),수출,270,1478,2890,10606
Jul-23,303895090,E,조기(냉동),수출,3837,11966,174211,357877
Jul-23,303896000,E,꽁치(냉동)(학꽁치를 포함한다),수출,122,1501,1493471,4434339
Jul-23,303898000,E,복어(냉동),수출,75,395,175,1216
Jul-23,303899010,E,보리멸(냉동),수출,0,0,5706,3588
Jul-23,303899030,E,달고기(냉동),수출,0,0,15270,99590
Jul-23,303899040,E,임연수어(냉동),수출,163775,349799,435307,1016389
Jul-23,303899050,E,볼낙(냉동)(적어를 포함한다),수출,136237,1164186,480522,2070421
Jul-23,303899060,E,아귀(냉동),수출,15974,76852,113821,536104
Jul-23,303899070,E,먹장어(냉동)(대서양 또는 태평양),수출,218,2356,1879,19756
Jul-23,303899091,E,민어(냉동),수출,26281,89353,234872,746780
Jul-23,303899092,E,까나리(냉동),수출,0,0,96,1039
Jul-23,303899099,E,기타어류(냉동),수출,3527792,6128606,29555233,48399075
Jul-23,303912010,E,명란,수출,612977,4406398,2455265,20038977
Jul-23,303912090,E,기타,수출,37181,144231,135630,564140
Jul-23,303920000,E,상어 지느러미,수출,0,0,395,3300
Jul-23,303990000,E,기타,수출,165806,391916,1644861,4250779
Jul-23,304390000,E,기타(신선 또는 냉장한 피레트),수출,283,10379,3101,110327
Jul-23,304410000,E,태평양 연어(옹코링쿠스- 넬카/고르부스카/케타/차비차/키수츠/마소//로두루스/ 대서양 연어(살모 살라/다뉴브 연어),수출,0,0,6535,148417
Jul-23,304431000,E,가자미(신선 또는 냉장한 피레트),수출,0,0,917,9357
Jul-23,304439000,E,넙치류 기타(신선 또는 냉장),수출,57,2905,1114,56929
Jul-23,304480000,E,가오리와 홍어(신선냉장) 피레트,수출,0,0,31,450
Jul-23,304491000,E,붕장어(신선 또는 냉장한 피레트),수출,76976,954633,534387,6481752
Jul-23,304499000,E,기타(신선 또는 냉장한 피레트),수출,120,6199,809,41600
Jul-23,304511000,E,틸라피아/메기/잉어/뱀장어/나일퍼치 종의 연육(기타/신선 또는 냉장한 것),수출,4,340,107,1293
Jul-23,304519000,E,틸라피아/메기/잉어/뱀장어/나일퍼치 종의 기타(기타/신선 또는 냉장한 것),수출,87,1508,884,16059
Jul-23,304520000,E,연어과(연육/ 기타),수출,416,7030,416,7030
Jul-23,304530000,E,브레그마세로티대과외,수출,0,0,2,5
Jul-23,304591000,E,붕장어(연육/ 기타)(신선/냉장),수출,0,0,2415,5245
Jul-23,304599090,E,기타(연육 외 기타)(기타/신선 또는 냉장한 것),수출,0,0,20,1281
Jul-23,304690000,E,틸라피아/메기/잉어/뱀장어/나일퍼치 종의 기타(냉동한 피레트),수출,0,0,680,15890
Jul-23,304710000,E,대구(가두스 모르화/가두스 오각/가두스 마크로세팔루스),수출,55,535,830,3375
Jul-23,304720000,E,해덕(냉동한 피레트)(멜라노그라무스 애그레피누스),수출,5,6,5,6
Jul-23,304750000,E,명태(냉동한 피레트)(테라그라 찰코그라마),수출,171246,318691,1674428,3249101
Jul-23,304810000,E,태평양 연어(옹코링쿠스 -넬카/고르부스카/케타/차비차/키수츠/마소/로두루스)/ 대서양 연어(살모 살라)/다뉴브 연어(후코 후코)),수출,0,0,197,6604
Jul-23,304831000,E,가자미(냉동한 피레트),수출,1291,9853,18748,126696
Jul-23,304839000,E,넙치류 기타(냉동한 피레트),수출,3671,33517,3677,33629
Jul-23,304840000,E,황새치(냉동한 피레트)(자이피어스 글래디어스),수출,172302,1184902,922593,7127913
Jul-23,304860000,E,청어(냉동한 피레트)(클루페아 하렌구스 /클루페아팔라시),수출,10,319,1858,31720
Jul-23,304871000,E,참다랑어(냉동한 피레트),수출,66381,2368785,1075600,37753770
Jul-23,304879000,E,다랑어 기타(냉동한 피레트),수출,1556987,15241834,9307107,100354468
Jul-23,304881000,E,곱상어/ 그 밖의 상어,수출,0,0,14157,14365
Jul-23,304889000,E,곱상어/ 그 밖의 상어/ 가오리와 홍어(라지대과) 냉동 피레트-곱상어/ 그 밖의 상어 제외,수출,10,12,10,12
Jul-23,304891000,E,붕장어의 것(냉동한 피레트),수출,23463,289424,231616,2804733
Jul-23,304895000,E,고등어의것(냉동한 것),수출,10424,58738,12703,80081
Jul-23,304899000,E,기타어류의 기타(냉동한 피레트),수출,75719,813954,865277,9006125
Jul-23,304919000,E,황새치(기타/냉동),수출,1420,2754,2180,4233
Jul-23,304941000,E,명태 냉동연육,수출,33800,106290,865420,2199924
Jul-23,304949000,E,명태 냉동연육 외 기타,수출,62739,88472,1378905,1082902
Jul-23,304970000,E,가오리와 홍어(연육/ 기타)(냉동),수출,16,662,76,2723
Jul-23,304991000,E,기타 냉동연육,수출,192727,495318,492575,1312999
Jul-23,304999000,E,기타 냉동연육 외 기타,수출,7443,64040,167765,632979
Jul-23,305204010,E,어란(명태/염장/염수장),수출,783,17130,24708,330395
Jul-23,305204020,E,어란(조기/염장/염수장),수출,0,0,45,526
Jul-23,305204030,E,어란(청어/염장/염수장),수출,135,2725,402,9458
Jul-23,305204090,E,어란(명태/ 조기/ 청어이외 기타/염장/ 염수장),수출,52,386,1102,14837
Jul-23,305311000,E,틸라피아/메기/잉어/뱀장어/나일퍼치 종의 건조한 것,수출,2,44,2607,69763
Jul-23,305321000,E,브레그마세로티대과외6종무리에놀레피디대과어류 건조한것,수출,0,0,324,3520
Jul-23,305391000,E,기타어류의 피레트(건조한것),수출,0,0,2257,48594
Jul-23,305392000,E,기타어류의 피레트(염장 또는 염수장한 것),수출,1836,5084,2740,10072
Jul-23,305410000,E,태평양 연어(옹코링쿠스- 넬카/고르부스카/케타/차비차/키수츠/마소/로두루스)/ 대서양 연어(살모 살라)/ 다뉴브 연어(후코 후코)),수출,500,10594,3801,82830
Jul-23,305440000,E,틸라피아/메기/잉어/뱀장어/나일퍼치 종의 훈제한 것,수출,0,0,36,1216
Jul-23,305491000,E,멸치(훈제/피레트포함),수출,440,8831,5998,78246
Jul-23,305492000,E,명태(훈제/피레트포함),수출,149,932,3546,38532
Jul-23,305499000,E,어류(연어/ 청어/ 멸치/ 명태이외 기타/훈제/피레트 포함),수출,840,43544,18962,221786
Jul-23,305510000,E,대구(건조/염장불문/훈제제외),수출,127,3684,853,17890
Jul-23,305520000,E,틸라피아[오레오크로미스(Oreochromis)종]/ 메기[판가시우스(Pangasius)종ㆍ실루러스(Silurus)종ㆍ클라리아스(Clarias)종ㆍ익타루러스(Ictalurus)종]/ 잉어[사이,수출,0,0,499,34151
Jul-23,305531000,E,기타 어류(건조),수출,11494,161693,243512,1931937
Jul-23,305539000,E,기타 어류(건조),수출,67,306,93,465
Jul-23,305541000,E,멸치[엔그라울리스(Engraulis)종],수출,52768,720010,612103,8334608
Jul-23,305549000,E,기타,수출,16,137,13778,111257
Jul-23,305594000,E,조기(건조/염장불문/훈제제외),수출,5790,73563,31406,569244
Jul-23,305597000,E,까나리(건조/염장불문/훈제제외),수출,0,0,321,765
Jul-23,305599000,E,어류(대구/상어지느러미/멸치/명태/조기등외기타건조/훈제제외),수출,5188,82352,72769,1234191
Jul-23,305620000,E,대구(염장/염수장),수출,0,0,140,1420
Jul-23,305631000,E,멸치젓(염장/염수장),수출,1,8,26852,58210
Jul-23,305691000,E,연어(염장/ 염수장),수출,0,0,1845,10285
Jul-23,305693000,E,갈치(염장/염수장),수출,3588,34688,11317,95646
Jul-23,305695000,E,고등어(염장/염수장),수출,6848,47953,81053,677815
Jul-23,305696000,E,조기(염장/염수장),수출,0,0,126,6554
Jul-23,305698000,E,꽁치(학꽁치 포함/염장/ 염수장),수출,0,0,360,3268
Jul-23,305699000,E,어류(청어/대구/연어/송어/갈치/정어리/고등어 등 이외),수출,561,6885,8126,94254
Jul-23,305712000,E,상어 지느러미(건조한 것),수출,40,1386,10825,290824
Jul-23,305720000,E,대구(가두스모르화)/ 대구 이외,수출,0,0,120,1908
Jul-23,305790000,E,기타 어류의 머리 꼬리,수출,2961,40173,29335,297971
Jul-23,306129000,E,바닷가재(호마루스종)(냉동한 것) 훈제한 것(기타),수출,0,0,113497,837314
Jul-23,306141090,E,게살(냉동한 것) 훈제한 것(기타),수출,13650,194567,75187,808757
Jul-23,306142000,E,왕게(냉동),수출,55578,862996,598761,8979080
Jul-23,306143010,E,꽃게(냉동한 것) 훈제한 것,수출,1517,11196,2017,11858
Jul-23,306143090,E,꽃게(냉동한 것) 기타,수출,23302,51777,616634,2049434
Jul-23,306149010,E,갑각류 기타(냉동한 것)(훈제한 것),수출,0,0,3000,2080
Jul-23,306149090,E,갑각류 기타(냉동한 것)(훈제한것 외 기타),수출,1101885,9370155,4566514,34597149
Jul-23,306169090,E,냉수성 새우류(판달러스종/크란곤 크란곤)기타(냉동한 것)(훈제한 것),수출,0,0,452688,8352260
Jul-23,306171090,E,기타의 새우류의 새우살(냉동한 것)(훈제한 것 외 기타),수출,90,2638,74286,525826
Jul-23,306179091,E,흰다리새우{리토페나에수스바나메이),수출,0,0,7030,38728
Jul-23,306179099,E,기타,수출,14326,129217,253996,241202
Jul-23,306199000,E,기타[분ㆍ조분 및 펠리트를 포함(식용에 적합)](냉동한 것)(훈제한 것 외 기타),수출,1162,34520,4613,141535
Jul-23,306331000,E,꽃게,수출,452,5402,268927,1991334
Jul-23,306332000,E,대게,수출,28378,735169,227012,6223241
Jul-23,306339000,E,게(기타),수출,30939,1564025,882114,39453833
Jul-23,306360000,E,그 밖의 새우류,수출,34,6105,3893,57753
Jul-23,306930000,E,게(건조/ 염상/염수장/ 훈제/ 기타)-게살포함,수출,0,0,784,11168
Jul-23,306951020,E,건조한 것,수출,0,0,708,17046
Jul-23,306959020,E,건조한 것,수출,798,17896,2631,60275
Jul-23,306959030,E,염장이나 염수장한 것,수출,47797,170347,207486,935519
Jul-23,306959040,E,훈제한 것,수출,168,1590,168,1590
Jul-23,306992000,E,건조한 것,수출,0,0,100,3252
Jul-23,306993000,E,염장이나 염수장한 것,수출,240,2020,303,2503
Jul-23,307111090,E,굴치패 종패용 외 기타(산 것  신선 또는 냉장한 것),수출,310,4088,1417,23229
Jul-23,307119000,E,굴치패 기타(산 것 신선 또는 냉장한 것),수출,20346,85144,173915,858913
Jul-23,307120000,E,냉동한 것,수출,391651,3083565,5809312,43093360
Jul-23,307192000,E,기타 굴(건조한 것),수출,349,6499,428,10243
Jul-23,307193000,E,기타 굴(염장 또는 염수장,수출,0,0,46208,458934
Jul-23,307211000,E,가리비과의조개(산것/ 신선/ 냉장) - 펙텐/ 클라미스/ 프라코펙텐 속의 것,수출,9360,102790,46357,701917
Jul-23,307219000,E,가리비과의조개 기타(산것/ 신선/ 냉장) - 펙텐/ 클라미스/ 프라코펙텐 속의 것 제외,수출,1750,21777,4556,50500
Jul-23,307229000,E,가리비과의조개(냉동),수출,0,0,988,10795
Jul-23,307299000,E,기타 가리비과의조개(기타),수출,0,0,168,3202
Jul-23,307310000,E,홍합(산것/신선/냉장),수출,0,0,260,1542
Jul-23,307320000,E,냉동한 것,수출,4022,14176,16454,57222
Jul-23,307392000,E,홍합(건조),수출,0,0,557,4348
Jul-23,307399000,E,홍합(산 것/ 신선/ 냉장/ 냉동/ 건조 이외 기타),수출,0,0,1140,4027
Jul-23,307421090,E,기타,수출,0,0,78324,421721
Jul-23,307422010,E,옴마스트레페스(Ommastrephes)종ㆍ로리고(Loligo)종ㆍ노토토다루스(Nototodarus)종ㆍ세피오투디스(Sepioteuthis)종,수출,0,0,4325,16435
Jul-23,307422090,E,기타,수출,125,3013,205,4404
Jul-23,307431010,E,세피아 오피시날리스(Sepia officinalis)ㆍ로시아 마크로소마(Rossia macrosoma)ㆍ세피올라(Sepiola)종,수출,0,0,170,1849
Jul-23,307431090,E,기타,수출,0,0,299590,620255
Jul-23,307432010,E,옴마스트레페스(Ommastrephes)종ㆍ로리고(Loligo)종ㆍ노토토다루스(Nototodarus)종ㆍ세피오투디스(Sepioteuthis)종,수출,17437,76671,383936,1379778
Jul-23,307432090,E,기타,수출,972099,3534662,9611495,32617842
Jul-23,307492010,E,갑오징어[세피아 오피시날리스(Sepia officinalis)ㆍ로시아 마크로소마(Rossia macrosoma)ㆍ세피올라(Sepiola)종]와 오징어[옴마스트레페스(Ommastrephes)종ㆍ로,수출,0,0,1547,12730
Jul-23,307492090,E,기타,수출,4365,39470,5633,50295
Jul-23,307493010,E,갑오징어[세피아 오피시날리스(Sepia officinalis)ㆍ로시아 마크로소마(Rossia macrosoma)ㆍ세피올라(Sepiola)종]와 오징어[옴마스트레페스(Ommastrephes)종ㆍ로,수출,237,13776,9185,172636
Jul-23,307493090,E,기타,수출,5800,102353,36184,722749
Jul-23,307494010,E,갑오징어(훈제한 것),수출,0,0,100,1639
Jul-23,307494090,E,기타,수출,25,261,27,309
Jul-23,307511000,E,낙지(산것/신선/ 냉장),수출,3894,60254,22854,391133
Jul-23,307512000,E,주꾸미(산것/신선/ 냉장),수출,144,1389,544,5204
Jul-23,307519000,E,기타문어(산것/신선/ 냉장),수출,478,22424,3729,155284
Jul-23,307521000,E,문어,수출,3954,46097,79359,374352
Jul-23,307522000,E,낙지,수출,356,3231,9518,68259
Jul-23,307523000,E,쭈꾸미,수출,7468,54302,27023,183199
Jul-23,307529000,E,기타,수출,0,0,872,5658
Jul-23,307592000,E,문어(건조),수출,0,0,466,11244
Jul-23,307599000,E,문어(산것/ 신선/ 냉장/ 냉동/ 건조 이외 기타),수출,1016,13689,3749,44673
Jul-23,307600000,E,달팽이,수출,21960,24326,23760,26813
Jul-23,307711000,E,백합,수출,0,0,2080,7160
Jul-23,307712090,E,피조개 기타(산 것  신선 또는 냉장한 것),수출,49383,463652,8429665,14435372
Jul-23,307713000,E,새조개(산 것/신선 또는 냉장한 것),수출,0,0,985,12949
Jul-23,307714000,E,바지락(산 것 신선 또는 냉장한 것),수출,316010,748341,549279,1338466
Jul-23,307719000,E,클램/ 새조개 및 피조개 기타 살아있는겄/ 신선한 것/ 냉장한 것,수출,17553,92178,254827,954819
Jul-23,307721000,E,새조개,수출,0,0,775,23989
Jul-23,307723000,E,바지락,수출,58800,371542,288467,1845745
Jul-23,307724000,E,피조개,수출,321,10566,1479,48841
Jul-23,307729000,E,기타,수출,5,625,32787,268888
Jul-23,307792020,E,바지락(건조),수출,108,332,108,332
Jul-23,307792090,E,클램/ 새조개 및 피조개 기타(건조),수출,0,0,385,2198
Jul-23,307793090,E,클램/ 새조개 및 피조개 기타(염장 또는 염수장한 것),수출,1100,7114,2300,17426
Jul-23,307794090,E,새조개(훈제한 것)(기타),수출,0,0,796,8469
Jul-23,307810000,E,전복(산 것 신선 또는 냉장한 것),수출,223689,4003651,1466893,30255981
Jul-23,307820000,E,살아있거나/ 신선하거나 냉장한 수정고둥류[스트롬버스(Strombus)종],수출,140,1353,228,4035
Jul-23,307830000,E,냉동한 전복[할리오티스(Haliotis)종],수출,3151,95233,52094,1325237
Jul-23,307840000,E,냉동한 수정고둥류[스트롬버스(Strombus)종],수출,0,0,42,1220
Jul-23,307871000,E,건조한 것,수출,0,0,30,11680
Jul-23,307873000,E,훈제한 것,수출,0,0,4,478
Jul-23,307911000,E,소라(산 것 신선 또는 냉장한 것),수출,15010,36367,466218,1634436
Jul-23,307913000,E,개아지살(산 것 신선 또는 냉장한 것),수출,0,0,4990,157378
Jul-23,307919000,E,기타[분 조분 펠리트 포함(식용 적합)]의 기타(산/신선/냉장),수출,446173,1247802,2329383,6174889
Jul-23,307921000,E,개아지살,수출,0,0,559,14911
Jul-23,307922000,E,소라,수출,39195,247719,195524,1026567
Jul-23,307929000,E,기타,수출,155365,1434227,791613,6139561
Jul-23,307992900,E,기타[분 조분 펠리트를 포함(식용에 적합한)]의 기타(건조),수출,0,0,24,1311
Jul-23,307993000,E,소라/ 기타연체동물(염장/ 염수장),수출,55971,49583,138319,152283
Jul-23,307994110,E,골뱅이 (훈제한 것)(밀폐용기에 넣은 것),수출,144,2127,1323,18906
Jul-23,307994900,E,기타[분 조분 펠리트를 포함(식용에 적합한)]의 기타(훈제한 것),수출,574,12248,2063,60815
Jul-23,308110000,E,해삼(산 것 신선 또는 냉장한 것),수출,1094,26532,11212,271184
Jul-23,308120000,E,냉동한 것,수출,0,0,119288,545080
Jul-23,308192000,E,해삼(건조한 것),수출,0,0,245,58300
Jul-23,308193000,E,해삼(염장 또는 염수장한 것),수출,4400,386975,17284,1460498
Jul-23,308210000,E,성게(산 것 신선 또는 냉장한 것),수출,38,2592,404,33570
Jul-23,308220000,E,냉동한 것,수출,10,1,2256,179539
Jul-23,308293000,E,성게(염장 또는 염수장한 것),수출,764,62540,7792,686419
Jul-23,308302000,E,해파리(냉동한 것),수출,0,0,1010,7397
Jul-23,308304000,E,해파리(염장 또는 염수장한 것),수출,582389,839772,1526913,2126335
Jul-23,308901019,E,우렁쉥이(기타)(산 것 신선 또는 냉장한 것),수출,2397,31528,17012,228894
Jul-23,308901090,E,수생무척추동물의 기타(산 것),수출,183,3523,1750,38559
Jul-23,308902010,E,우렁쉥이(냉동한 것),수출,3200,48991,20730,310690
Jul-23,308902090,E,수생무척추동물의 기타(냉동 한것),수출,6232,71508,8146,101503
Jul-23,308903000,E,우렁쉥이/ 기타수생무척추동물(건조)-해삼/성게/해파리 제외,수출,0,0,30,998
Jul-23,308904000,E,수생무척추동물의 기타(염장 또는 염수장한 것),수출,9378,18456,20148,65529
Jul-23,309100000,E,식용어류분,수출,0,0,292,6253
Jul-23,309901000,E,식용어류분,수출,0,0,10,250
Jul-23,309909000,E,식용어류분,수출,0,0,720,13876
Jul-23,508001000,E,산호(coral),수출,0,0,10,290
Jul-23,508002020,E,청패각(전복),수출,36000,15400,42780,53161
Jul-23,508002040,E,야광패각(소라),수출,0,0,6000,10200
Jul-23,508002090,E,기타패각,수출,0,0,60454,121183
Jul-23,508009000,E,연체동물/갑각류/극피동물,수출,135555,179842,941731,1445123
Jul-23,511911010,E,부화용알(브라인슈림프알),수출,0,0,368,18914
Jul-23,511912000,E,어류의웨이스트,수출,0,0,18000,84600
Jul-23,511919000,E,어류/갑각류/연체동물/수행동,수출,1894353,1305619,10158719,7839992
Jul-23,511996000,E,동물성의해면,수출,0,0,9,18096
Jul-23,1212211010,E,김(건조한 것)(식용의 것),수출,1433457,27913984,11346872,192422901
Jul-23,1212211030,E,김(냉동한 것)(식용의 것),수출,0,0,72,1540
Jul-23,1212211090,E,김(기타)(식용의 것),수출,6392,102859,31507,426014
Jul-23,1212212010,E,미역(건조한 것)(식용의 것),수출,183759,2032289,1256331,14808353
Jul-23,1212212020,E,미역(염장한 것)(식용의 것),수출,128641,322723,2088880,3736319
Jul-23,1212212030,E,미역(냉장한 것)(식용의 것),수출,0,0,15,75
Jul-23,1212212040,E,미역(냉동한 것)(식용의 것),수출,6536,16937,2684194,3559634
Jul-23,1212212090,E,미역(기타)(식용의 것),수출,16650,62691,159618,645748
Jul-23,1212213010,E,톳(건조한 것)(식용의 것),수출,67098,898376,795040,8448729
Jul-23,1212213020,E,톳(냉장한 것)(식용의 것),수출,0,0,2,9
Jul-23,1212213090,E,톳(기타)(식용의 것),수출,240,905,5532,56506
Jul-23,1212214010,E,파래(건조한 것)(식용의 것),수출,55,5454,2067,39223
Jul-23,1212214030,E,냉동한 것,수출,0,0,2049,15719
Jul-23,1212214090,E,파래(기타)(식용의 것),수출,1229,7775,27438,716933
Jul-23,1212215010,E,다시마(염장한 것)(식용의 것),수출,26269,56995,196499,315241
Jul-23,1212215020,E,다시마(냉장한 것)(식용의 것),수출,0,0,80,146
Jul-23,1212215030,E,다시마(냉동한 것)(식용의 것),수출,1486,3370,11359,32614
Jul-23,1212215090,E,다시마(기타)(식용의 것),수출,27638,355781,195169,2499261
Jul-23,1212216090,E,우뭇가사리(기타)(식용의 것),수출,18300,187521,262594,1878403
Jul-23,1212217019,E,기타,수출,0,0,2100,7286
Jul-23,1212217029,E,기타,수출,7260,243100,15615,506167
Jul-23,1212219011,E,코토니 및 스피노잠(냉동)(식용의 것),수출,0,0,77,1475
Jul-23,1212219091,E,해초류와 기타조류 기타(냉동)(식용의 것),수출,353,2487,853,3153
Jul-23,1212219099,E,해초류와 기타조류 기타(기타)(식용의 것),수출,5311,49105,71289,517499
Jul-23,1212291010,E,김(냉동한 것),수출,0,0,1050,689
Jul-23,1212291090,E,김(기타),수출,0,0,693,20498
Jul-23,1212292090,E,미역(기타),수출,3068,39870,21652,267310
Jul-23,1212294090,E,파래(기타),수출,0,0,65,409
Jul-23,1212295090,E,다시마(기타),수출,248,3879,4760,45737
Jul-23,1212299091,E,해초류와 기타조류 기타(냉동,수출,0,0,120,1266
Jul-23,1212299099,E,해초류와 기타조류 기타(기타),수출,3481,7898,30983,67292
Jul-23,1302311000,E,실한천,수출,8911,338892,23334,921183
Jul-23,1302312000,E,분한천,수출,52010,1400621,243864,6663286
Jul-23,1302319000,E,한천(실한천/분한천 이외 기타),수출,31,2172,540,11167
Jul-23,1504101000,E,상어의 간유(肝油)와 그 분획물,수출,29,6435,121,26034
Jul-23,1504109000,E,어류의간유/분획물(상어의간유,수출,18400,34647,275200,550958
Jul-23,1504200000,E,어류의 지방과 기름 및 그 분획물[간유(肝油)는 제외한다],수출,0,0,47291,354195
Jul-23,1603003000,E,어류의액스,수출,12528,50205,65230,331050
Jul-23,1603004000,E,어류의즙,수출,7307,13001,64749,126319
Jul-23,1603009000,E,갑각류/연체동물/수생동물의,수출,83717,457704,426962,2141072
Jul-23,1604111000,E,연어(조제/밀폐용기에 넣은 것),수출,25,723,2815,28337
Jul-23,1604119000,E,연어(조제/밀페용기에 넣은 것 이외 기타),수출,440,4968,1266,31844
Jul-23,1604121000,E,청어(밀폐용기에넣은것),수출,0,0,120,2697
Jul-23,1604129000,E,청어(통조림외조제품),수출,1080,14400,4191,52724
Jul-23,1604141011,E,다랭이(기름담금),수출,44662,300979,197403,1432267
Jul-23,1604141012,E,다랭이(보일드),수출,931,23674,1382,26298
Jul-23,1604141019,E,다랭이류(다랭이/ 가다랭이 이외 기타/조제/밀폐용기에 넣은 것),수출,38346,335971,360243,3314270
Jul-23,1604141021,E,다랭이류(조제/밀폐용기에 넣은 것 이외 기타),수출,128221,902313,822446,5345189
Jul-23,1604141029,E,가다랭이(기타),수출,54062,367478,416984,2694649
Jul-23,1604141039,E,버니토우(기타),수출,0,0,301,2722
Jul-23,1604149000,E,다랭이류(조제/밀폐용기에 넣은 것 이외 기타),수출,55,251,4127,44549
Jul-23,1604151000,E,고등어(조제/밀폐용기에 넣은 것),수출,9479,36711,76207,383091
Jul-23,1604159000,E,고등어(조제/밀폐용기에 넣은 것 이외 기타),수출,230,3295,11152,115200
Jul-23,1604161000,E,멸치(조제/밀폐용기에 넣은 것),수출,1267,39181,9130,183449
Jul-23,1604169000,E,전갱이(조제/밀폐용기에 넣은 것 이외 기타),수출,1625,24255,42515,796996
Jul-23,1604171000,E,뱀장어(조제 또는 저장처리)(밀폐용기에 넣은 것),수출,120,3270,26019,512368
Jul-23,1604179000,E,뱀장어(조제 또는 저장처리),수출,525,21600,6082,164106
Jul-23,1604191010,E,꽁치(통조림외조제품),수출,14741,86149,151145,746259
Jul-23,1604191090,E,어류조제품(연어/청어/정어리/고등어 등 밀폐용기에넣은것),수출,609,15068,14642,187904
Jul-23,1604199010,E,쥐치포(조제/밀페용기 이외 기타),수출,5782,122474,64015,1132237
Jul-23,1604199090,E,어류조제품(연어/청어/고등어/기타/조제/밀폐용기에 넣은 것),수출,18469,377334,176609,2651203
Jul-23,1604201000,E,생선페이스트,수출,0,0,1600,7933
Jul-23,1604202000,E,생선마리네이드,수출,0,0,2238,21093
Jul-23,1604203000,E,생선소시지,수출,148458,928039,1036044,6268478
Jul-23,1604204010,E,생선묵(게맛),수출,625536,3055255,3964888,19495017
Jul-23,1604204090,E,생선묵(게맛의 것 이외 기타),수출,673033,2205362,4947861,17365852
Jul-23,1604209000,E,어류조제/저장제품(생선 페이스트/마리네이드/소시지/생선묵),수출,138273,987464,1521889,12534309
Jul-23,1604310000,E,캐비아,수출,4,1372,5,1400
Jul-23,1604320000,E,캐비아 대용물,수출,12736,179346,208283,3757325
Jul-23,1605101010,E,게살(밀폐용기에넣은것),수출,4557,64037,23702,235621
Jul-23,1605101091,E,붉은 대게살(밀폐용기에 넣은 것/ 훈제한 것 이외 기타),수출,193326,2701002,2170796,31147078
Jul-23,1605101099,E,기타 게살(밀폐용기에 넣은 것/ 훈제한 것 이외 기타),수출,13760,209657,111439,1796671
Jul-23,1605109000,E,게 조제품(게살 이외 기타),수출,36653,302649,204658,2149148
Jul-23,1605211000,E,새우류(조제 또는 저장처리)(밀폐용기에 넣지 아니한 것)(브레드한 것),수출,7122,56001,41297,412662
Jul-23,1605219000,E,새우류(조제 또는 저장처리)(밀폐용기에 넣지 아니한 것)(기타),수출,3643,29268,42528,293896
Jul-23,1605290000,E,새우류(조제 또는 저장처리),수출,2678,27589,47845,297972
Jul-23,1605301000,E,바다가재(밀폐용기에넣은것),수출,0,0,216,5198
Jul-23,1605309000,E,바다가재(통조림외),수출,0,0,55,1027
Jul-23,1605401000,E,기타갑각류(밀폐용기에넣은것),수출,0,0,28,425
Jul-23,1605409000,E,갑각류 조제품(게/새우/바다가재기타/밀폐용기에넣은것이외기타),수출,18,265,342,5879
Jul-23,1605511000,E,굴(조제 또는 저장처리)(밀폐용기에 넣은 것),수출,61969,625286,1316431,10821001
Jul-23,1605519000,E,굴(조제 또는 저장처리)(기타),수출,63830,974044,513415,8504676
Jul-23,1605520000,E,가리비과의조개(조제/저장/기타/ 밀폐용기에 넣은 것 포함),수출,68,1564,2284,29139
Jul-23,1605531000,E,홍합(조제 또는 저장처리)(밀폐용기에 넣은 것),수출,0,0,8701,94876
Jul-23,1605539000,E,홍합(조제 또는 저장처리)(기타),수출,1700,7480,7574,32333
Jul-23,1605541000,E,갑오징어/ 기타조제저장처리갑오징어(밀폐용기에넣은것 포함/ 밀폐용기이외),수출,280,3299,3003,30278
Jul-23,1605542010,E,오징어(조제 또는 저장처리)(밀폐용기에 넣은 것),수출,191,5661,22430,173083
Jul-23,1605542091,E,조미오징어(조제 또는 저장처리)(밀폐용기에 넣은 것),수출,16651,334851,285412,4556316
Jul-23,1605542099,E,오징어 기타(조제 또는 저장처리),수출,54976,757193,352518,4372811
Jul-23,1605550000,E,문어/ 기타조제저장처리문어(밀폐용기에넣은것 포함/ 밀폐용기이외),수출,1485,21099,65604,583377
Jul-23,1605561010,E,바지락(조제 또는 저장처리)(밀폐용기에 넣은 것),수출,12215,158876,19307,255027
Jul-23,1605561090,E,바지락(조제 또는 저장처리)(기타),수출,0,0,531,3121
Jul-23,1605562010,E,새조개(조제 또는 저장처리)(밀폐용기에 넣은 것),수출,0,0,222,2233
Jul-23,1605562090,E,새조개(조제 또는 저장처리)(기타),수출,1998,25241,15371,470428
Jul-23,1605569010,E,클램/ 새조개 및 피조개 기타(조제 또는 저장처리)(밀폐용기에 넣은 것),수출,80,1016,5160,64073
Jul-23,1605569090,E,클램/ 새조개 및 피조개 기타(조제 또는 저장처리)(기타),수출,12,255,3090,33897
Jul-23,1605571000,E,전복(밀폐용기에넣은것),수출,6419,193377,28292,859886
Jul-23,1605579000,E,전복(조제 또는 저장처리) 기타,수출,66,1674,6218,170353
Jul-23,1605581000,E,달팽이(조제 또는 저장처리)(밀폐용기에 넣은 것),수출,0,0,491,4635
Jul-23,1605591010,E,골뱅이(조제 또는 저장처리)(밀폐용기에 넣은 것),수출,35452,363281,201676,2153072
Jul-23,1605591090,E,골뱅이(조제 또는 저장처리)(기타),수출,463,3759,71065,468283
Jul-23,1605592010,E,소라(밀폐용기에 넣은것),수출,271,4429,283,5394
Jul-23,1605592090,E,소라(조제 또는 저장처리)기타,수출,0,0,415304,1647626
Jul-23,1605599010,E,연체동물 기타(조제 또는 저장처리)(밀폐용기에 넣은 것),수출,74,942,12471,135979
Jul-23,1605599090,E,연체동물 기타(조제 또는 저장처리)(기타),수출,9046,140491,114124,1536856
Jul-23,1605611000,E,해삼(조제 또는 저장처리)(밀폐용기에 넣은 것),수출,200,59485,14777,1147701
Jul-23,1605619000,E,해삼(조제 또는 저장처리)기타,수출,136382,1240679,894783,19475142
Jul-23,1605631000,E,해파리(조제 또는 저장처리)(밀폐용기에 넣은 것),수출,0,0,18,78
Jul-23,1605639000,E,해파리(조제 또는 저장처리)(기타),수출,0,0,3041,14934
Jul-23,1605690000,E,기타조제저장처리수생무척추동물(밀폐용기에넣은것 포함/ 밀폐용기에 넣지 않은 것)-해삼/성게/해파리제외,수출,5980,108398,24583,266826
Jul-23,2008995010,E,김,수출,1428290,38696645,10557420,279328996
Jul-23,2008995090,E,조제한 해조류 김 제외,수출,288158,1743811,1887731,10765637
Jul-23,2102203010,E,클로렐라 효모(둥글넓적한 것),수출,1200,18880,5050,80569
Jul-23,2102203090,E,클로렐라 효모(기타),수출,24900,298088,155672,1842047
Jul-23,2102204010,E,스리루리나 효모(둥글넓적한 것),수출,77,17939,1856,136448
Jul-23,2102204090,E,스리루리나 효모(기타),수출,886,50084,9747,595337
Jul-23,2104102000,E,어류의 수우프/ 브로드와 수우프 브로드 제조용 조제품,수출,19192,199956,162316,1166237
Jul-23,2301201000,E,어류의 분.조분 및 펠리트,수출,207720,285277,947044,1208298
Jul-23,2301209000,E,어류외기타 분.조분 및 펠리트,수출,4550100,4120198,31097135,28514201
Jul-23,2501001010,E,암염(岩鹽),수출,0,0,156,199
Jul-23,2501001020,E,천일염,수출,150961,336098,821233,771292
Jul-23,2501009010,E,식염,수출,801881,658241,4581211,3711709
Jul-23,2501009020,E,순염화나트륨,수출,678,1693,11521,40316
Jul-23,2501009090,E,기타소금/해수,수출,2018467,247615,10857205,2164049
Jul-23,4103901010,E,원피(장어류의 것)(비유연처리의 것),수출,12,2515,12,2515
Jul-23,7101220000,E,양식진주(가공한것),수출,6,2974,31,14358
Jul-23,7116101000,E,천연진주로만든 것,수출,20,16497,24,21914
Jul-23,7116102000,E,양식진주로 만든 것,수출,29,72868,104,128743
Jul-23,9601901090,E,패각(기타),수출,67,40594,2652,591406
Jul-23,9606291000,E,조개껍질로 만든것,수출,2273,104803,5786,401294
Jul-23,106199000,I,기타 포유동물,수입,3507,805893,22092,6813538
Jul-23,106201000,I,뱀,수입,52,16543,201,94453
Jul-23,106202000,I,자라(산동물),수입,2604,26084,22573,241048
Jul-23,106203000,I,거북,수입,136,47261,1606,368419
Jul-23,106209000,I,기타 파충류,수입,126,39332,1204,528749
Jul-23,106903010,I,갯지렁이,수입,40540,500160,254597,3176270
Jul-23,106903020,I,실지렁이,수입,9,47,261,18436
Jul-23,106903090,I,기타,수입,1,5391,843,54489
Jul-23,210999090,I,기타 육·설육,수입,44,209,518,22513
Jul-23,301111000,I,비단잉어(활어)(민물의 것),수입,69,2099,1072,36136
Jul-23,301119000,I,기타(활어)(비단잉어 외  민물의 것),수입,6774,397485,60082,3213063
Jul-23,301190000,I,기타(활어)(민물의 것),수입,2131,55710,19206,524433
Jul-23,301921000,I,실뱀장어(한마리당 0.3그램 이하인 것으로서 양식용으로 한정),수입,443,574078,9375,146561599
Jul-23,301922000,I,새끼뱀장어(한 마리당0.3그램을 초과하고50그램이하인것으로양식용으로한정),수입,678,653070,2412,1365020
Jul-23,301929090,I,뱀장어(앵궐라종),수입,375296,4421603,2490521,29739576
Jul-23,301931000,I,붕어(활어) 카라시우스속,수입,15158,56989,52531,200618
Jul-23,301939000,I,잉어(기타),수입,146637,436480,1141427,3506535
Jul-23,301992000,I,방어(활어),수입,19836,242053,856655,10813736
Jul-23,301994091,I,돔(기타/ 참돔),수입,405055,3287047,3143385,26080062
Jul-23,301994099,I,돔(기타/ 기타),수입,28370,351636,282200,4101232
Jul-23,301995000,I,붕장어(활어),수입,0,0,12,124
Jul-23,301997000,I,먹장어(활어),수입,50166,517752,458828,4737203
Jul-23,301998000,I,넙치(활어),수입,10000,78795,398137,4390764
Jul-23,301999010,I,능성어(활어),수입,1442,24726,39870,735364
Jul-23,301999020,I,복어(활어),수입,15789,304557,127597,2824459
Jul-23,301999051,I,농어(양식용치어),수입,0,0,13441,243533
Jul-23,301999059,I,농어(기타),수입,376121,3090205,1956788,15652110
Jul-23,301999070,I,미꾸라지(활어),수입,729690,2852115,4671886,19574157
Jul-23,301999080,I,메기(활어),수입,48201,197330,406929,1470791
Jul-23,301999095,I,민어(활어),수입,288608,1952955,1798430,11936964
Jul-23,301999099,I,기타어류(활어),수입,126795,1508010,801731,8868005
Jul-23,302110000,I,송어(신선/냉장),수입,0,0,7096,95991
Jul-23,302130000,I,태평양연어(옹코링쿠스-넬카/고르부스카/케타/차비차/키수츠/마소/로드루스),수입,827,17430,7420,150705
Jul-23,302140000,I,대서양 연어(신선 또는 냉장)(살모 살라) 및 다뉴브 연어(후코 후코),수입,1525353,22212014,11766360,178454765
Jul-23,302210000,I,넙치(간장/ 어란제외/신선/ 냉장/피레트/ 어육제외),수입,20,368,20,368
Jul-23,302240000,I,터벗(신선 또는 냉장)(프세타 맥시마),수입,0,0,43,580
Jul-23,302340000,I,눈다랑어(터너스오베서스/신선/냉장),수입,58,1881,164,3406
Jul-23,302351000,I,대서양 참다랑어(터너스 터너스),수입,10643,369887,71435,2398580
Jul-23,302352000,I,태평양 참다랑어(신선 또는 냉장)(터너스 오리엔탈리스),수입,384,10152,3895,98667
Jul-23,302420000,I,멸치(신선 또는 냉장)(엔그라울리스종),수입,0,0,3,47
Jul-23,302440000,I,고등어(신선 또는 냉장)(스콤버-스콤브루스/오스트랄시쿠스/자포니쿠스)),수입,0,0,2488,6245
Jul-23,302450000,I,전갱이(신선 또는 냉장)(트라커러스종),수입,0,0,165,3880
Jul-23,302510000,I,대구(신선 또는 냉장)(가두스 모르화/가두스 오각/가두스 마크로세팔루스),수입,51,582,314412,619234
Jul-23,302550000,I,명태(신선 또는 냉장)(테라그라 찰코그라마),수입,34956,97715,992179,2583288
Jul-23,302590000,I,기타 대구(신선 또는 냉장),수입,0,0,1,1
Jul-23,302790000,I,기타(신선 또는 냉장)(틸라피아/메기/잉어/뱀장어 외 기타),수입,0,0,1,34
Jul-23,302820000,I,가오리와 홍어(라지대과)(신선 또는 냉장),수입,38625,174285,783952,4105340
Jul-23,302840000,I,농어(냉동)(디센트라르쿠스종),수입,1554,32797,10791,225432
Jul-23,302850000,I,돔(신선 또는 냉장)(스파리대과),수입,0,0,7133,38592
Jul-23,302891000,I,방어(신선 또는 냉장),수입,650,13965,5124,113197
Jul-23,302892000,I,갈치(신선 또는 냉장),수입,11128,61984,167776,1332557
Jul-23,302896000,I,돔(신선 또는 냉장)(스파리대과를 제외한다),수입,0,0,931,18486
Jul-23,302899040,I,아귀(신선 또는 냉장),수입,0,0,71890,141797
Jul-23,302899090,I,기타(신선 또는 냉장)(삼치/복어/병어/아귀 외 기타),수입,1534,19809,34012,240717
Jul-23,302912000,I,어란(魚卵)ㆍ어백(魚白),수입,11,1725,62,6014
Jul-23,302990000,I,기타,수입,288,3267,1871,14735
Jul-23,303110000,I,소크아이 연어(홍연어/옹코링쿠스 넬카),수입,23,16,33434,179819
Jul-23,303120000,I,그 밖의 태평양 연어(옹코링쿠스 고르부스카/옹코링쿠스 케타/옹코링쿠스 차비차/옹코링쿠스 키수츠/옹코링쿠스 마소/옹코링쿠스 로두루스),수입,65940,451697,9904978,48712568
Jul-23,303130000,I,대서양연어(냉동)(살모 살라)와 다뉴브연어(후코 후코),수입,97185,859207,1269656,10576735
Jul-23,303230000,I,틸라피아(냉동)(오레오크로미스종),수입,54561,149255,493986,1306799
Jul-23,303240000,I,메기(냉동)(판가시우스종/실루러스종/클라리아스종/익타루러스종),수입,89135,241872,694437,1685016
Jul-23,303250000,I,잉어(사이프리너스 카르피오/카라시우스 카라시우스/크테노파린고돈 이델루스/하이포프탈미크티스종ㆍ시리누스종ㆍ마일로파린고돈 피세우스),수입,22283,64546,124695,338628
Jul-23,303260000,I,뱀장어(냉동)(앵귈라종),수입,23500,317260,23500,317260
Jul-23,303290000,I,연어(송어/ 대서양연어 등 이외 기타/냉동/피레트/ 어육제외),수입,9547,49280,34868,171324
Jul-23,303310000,I,넙치[레인하드티우스 히포글러소이데스/히포글러서스 히포글러서스/히포글러서스 스테노레피스),수입,41573,507194,274276,2298513
Jul-23,303320000,I,가자미(플루로넥테스 플라테사),수입,30122,28081,372805,411254
Jul-23,303330000,I,서대(간장/ 어란제외/냉동/피레트/ 어육제외),수입,76202,294399,282257,1289928
Jul-23,303391000,I,기타넙치류(냉동),수입,1435097,3322185,12569179,28737152
Jul-23,303399000,I,기타넙치류(냉동),수입,460574,1281517,2970225,9244307
Jul-23,303410000,I,날개다랑어 또는 긴지느러미다랑어(터너스알라룽가/냉동),수입,0,0,43409,144685
Jul-23,303420000,I,황다랑어(터너스 알바카레스/냉동),수입,390737,1104110,912001,3272679
Jul-23,303430000,I,가다랑어 또는 줄무늬버니토우(냉동),수입,1962,5565,605754,1109147
Jul-23,303440000,I,눈다랑어(냉동),수입,19778,59556,101435,425855
Jul-23,303451000,I,대서양 참다랑어(냉동)(터너스 티너스),수입,119089,1010324,564167,5358483
Jul-23,303452000,I,태평양 참다랑어(냉동)(터너스 오리엔탈리스),수입,1205,4308,58247,848393
Jul-23,303460000,I,남방참다랑어(터너스맥코이/냉동),수입,5428,25217,68268,701695
Jul-23,303490000,I,기타(냉동),수입,0,0,3033,7233
Jul-23,303510000,I,청어(클루페아 하렌구스/클루페아 팔라시),수입,1387089,1046274,17522076,12898984
Jul-23,303530000,I,정어리(냉동)(사르디나 필차르두스/사르디노프스종),수입,342105,252027,21839449,10676475
Jul-23,303540000,I,고등어(스콤버 스콤브루스/스콤버 오스트랄라시쿠스/스콤버 자포니쿠스),수입,1443024,3111298,36706546,79588993
Jul-23,303550000,I,전갱이(냉동)(트라커러스종),수입,347115,311673,874926,1259874
Jul-23,303570000,I,황새치(자이피어스글래디어스),수입,146781,809542,2715865,16758391
Jul-23,303591000,I,삼치[스콤버로모러스(Scomberomorus)종],수입,709985,1520522,939740,2207454
Jul-23,303592000,I,꽁치[콜로라비스 사이라(Cololabis saira)],수입,173714,475897,10216086,27191477
Jul-23,303599000,I,기타,수입,3612660,1828684,13802179,8677540
Jul-23,303630000,I,대구(가두스 모르화/가두스 오각/가두스 마크로세팔루스),수입,1365770,3614356,12827907,43037741
Jul-23,303660000,I,민대구(냉동)(메루키우스종 등 2종),수입,0,0,100980,143940
Jul-23,303670000,I,명태(냉동)(테라그라 찰코그라마),수입,6153629,5701225,85460379,89078205
Jul-23,303680000,I,블루 화이팅스(마이크로메시스티우스 포우타소우/마이크로메시스티우스 오스트랄리스),수입,939255,501511,1320134,692387
Jul-23,303699000,I,기타(냉동)(새꼬리민태 외 기타),수입,2775,3609,245828,412424
Jul-23,303810000,I,곱상어와 기타 상어(냉동),수입,60245,247713,521668,2380240
Jul-23,303821000,I,가오리(냉동),수입,45446,179027,183252,600451
Jul-23,303822000,I,홍어(냉동),수입,572198,3010460,2133847,10653748
Jul-23,303830000,I,이빨고기(냉동)(디소스티쿠스종),수입,29220,407231,416069,7035028
Jul-23,303840000,I,농어(신선 또는 냉장)(디센트라르쿠스종),수입,36,388,491,3834
Jul-23,303891000,I,은대구(냉동),수입,20230,221490,132812,1559348
Jul-23,303892000,I,갈치(냉동),수입,600184,2261712,8401073,27552459
Jul-23,303893010,I,옥돔(냉동)(브랜치오스테거스 자포니커스),수입,1664,5013,273784,1325939
Jul-23,303893020,I,옥두어(냉동)(브랜치오스테거스 알부스),수입,0,0,237951,1169292
Jul-23,303893090,I,돔(냉동)(기타),수입,25176,104352,594560,2235844
Jul-23,303895010,I,조기(냉동),수입,245508,1209723,2466507,10490489
Jul-23,303895020,I,조기(냉동),수입,437820,1951803,5525189,25046620
Jul-23,303895090,I,조기(냉동),수입,10200,49228,310496,1340316
Jul-23,303898000,I,복어(냉동),수입,254808,572375,2919693,7366332
Jul-23,303899010,I,보리멸(냉동),수입,100,2255,100,2255
Jul-23,303899020,I,홍살치(냉동),수입,0,0,2100,34650
Jul-23,303899040,I,임연수어(냉동),수입,277925,664223,6407534,14810763
Jul-23,303899050,I,볼낙(냉동)(적어를 포함한다),수입,1139603,2360571,7426160,16405355
Jul-23,303899060,I,아귀(냉동),수입,1130440,2321526,18166115,32401135
Jul-23,303899070,I,먹장어(냉동)(대서양 또는 태평양),수입,169450,560086,921222,3105639
Jul-23,303899080,I,밀크피쉬(냉동),수입,158904,270486,681708,1143900
Jul-23,303899091,I,민어(냉동),수입,1178990,6125084,8382952,41034646
Jul-23,303899092,I,까나리(냉동),수입,2104962,1202267,14284808,8527025
Jul-23,303899099,I,기타어류(냉동),수입,3353618,6145105,17230883,34206771
Jul-23,303911000,I,간,수입,0,0,600,1103
Jul-23,303912010,I,명란,수입,1083732,6687208,9827706,66934635
Jul-23,303912090,I,기타,수입,591481,2107404,11519129,42257562
Jul-23,303990000,I,기타,수입,328775,1370237,2822737,11160359
Jul-23,304390000,I,기타(신선 또는 냉장한 피레트),수입,0,0,3,91
Jul-23,304410000,I,태평양 연어(옹코링쿠스- 넬카/고르부스카/케타/차비차/키수츠/마소//로두루스/ 대서양 연어(살모 살라/다뉴브 연어),수입,492743,9739684,3710439,78334553
Jul-23,304420000,I,송어(살모 트루타/옹코링쿠스-미키스/ 클라키/아구아보니타/길래/아파케/ 크리소가스터),수입,2963,73273,16967,414819
Jul-23,304431000,I,가자미(신선 또는 냉장한 피레트),수입,0,0,25,760
Jul-23,304439000,I,넙치류 기타(신선 또는 냉장),수입,1,43,1,43
Jul-23,304492000,I,참다랑어(신선 또는 냉장한 피레트),수입,801,40073,6788,350344
Jul-23,304499000,I,기타(신선 또는 냉장한 피레트),수입,426,20572,798,36958
Jul-23,304520000,I,연어과(연육/ 기타),수입,0,0,29,91
Jul-23,304599090,I,기타(연육 외 기타)(기타/신선 또는 냉장한 것),수입,4,140,18,385
Jul-23,304610000,I,틸라피아(냉동한 피레트)(오레오크로미스종),수입,42060,443709,302759,3125504
Jul-23,304620000,I,메기(냉동한 피레트)(판가시우스종/실루러스종/클라리아스종/익타루러스종),수입,67200,240982,681498,2953894
Jul-23,304690000,I,틸라피아/메기/잉어/뱀장어/나일퍼치 종의 기타(냉동한 피레트),수입,16710,223641,140281,2112812
Jul-23,304710000,I,대구(가두스 모르화/가두스 오각/가두스 마크로세팔루스),수입,64412,479783,529548,3873311
Jul-23,304740000,I,민대구(냉동한 피레트)(메루키우스종ㆍ유르피키스종),수입,14,297,98435,229762
Jul-23,304750000,I,명태(냉동한 피레트)(테라그라 찰코그라마),수입,1444590,4273559,11404402,33938407
Jul-23,304790000,I,브레그마세로티대과외6종무리에놀레피디대과어류의(냉동한피레트),수입,5,180,44445,229931
Jul-23,304810000,I,태평양 연어(옹코링쿠스 -넬카/고르부스카/케타/차비차/키수츠/마소/로두루스)/ 대서양 연어(살모 살라)/다뉴브 연어(후코 후코)),수입,251983,2384119,1212109,12152074
Jul-23,304820000,I,송어(살모 트루타/옹코링쿠스-미키스/클라키/아구아보니타/길래/아파케/크리소가스터),수입,0,0,20,220
Jul-23,304831000,I,가자미(냉동한 피레트),수입,105455,666873,1275432,7226830
Jul-23,304839000,I,넙치류 기타(냉동한 피레트),수입,355,2521,33005,118649
Jul-23,304840000,I,황새치(냉동한 피레트)(자이피어스 글래디어스),수입,12077,202401,69749,1313253
Jul-23,304850000,I,이빨고기(냉동한 피레트)(디소스티쿠스종),수입,50,3694,2912,58339
Jul-23,304860000,I,청어(냉동한 피레트)(클루페아 하렌구스 /클루페아팔라시),수입,22000,46200,27608,56765
Jul-23,304871000,I,참다랑어(냉동한 피레트),수입,105338,3686112,5781718,221827832
Jul-23,304879000,I,다랑어 기타(냉동한 피레트),수입,76813,659207,575104,5026751
Jul-23,304881000,I,곱상어/ 그 밖의 상어,수입,0,0,13999,34996
Jul-23,304889000,I,곱상어/ 그 밖의 상어/ 가오리와 홍어(라지대과) 냉동 피레트-곱상어/ 그 밖의 상어 제외,수입,0,0,12000,48242
Jul-23,304891000,I,붕장어의 것(냉동한 피레트),수입,65802,419947,789655,4478332
Jul-23,304893000,I,틸라피아(냉동한 피레트)(오레오크로미스종은 제외한다)의 것,수입,0,0,1250,38284
Jul-23,304894000,I,쥐치의 것(냉동한 피레트),수입,4,642,50554,293169
Jul-23,304895000,I,고등어의것(냉동한 것),수입,495211,2525209,3236741,16624286
Jul-23,304899000,I,기타어류의 기타(냉동한 피레트),수입,317089,1474125,2310139,11062494
Jul-23,304941000,I,명태 냉동연육,수입,1598800,5359192,11062740,36898039
Jul-23,304949000,I,명태 냉동연육 외 기타,수입,52366,64578,1681454,1243594
Jul-23,304951000,I,브레그마세로티대과외6종무리에놀레피디대과어류(냉동연옥),수입,0,0,20,164
Jul-23,304991000,I,기타 냉동연육,수입,5816640,9710315,56005194,93134003
Jul-23,304999000,I,기타 냉동연육 외 기타,수입,41369,110618,515197,1388729
Jul-23,305201000,I,어류간장(건조/훈제/염장),수입,0,0,41,327
Jul-23,305202000,I,어란(건조),수입,3,47,198,19662
Jul-23,305203000,I,어란(훈제),수입,0,0,4,151
Jul-23,305204010,I,어란(명태/염장/염수장),수입,0,0,9,204
Jul-23,305204020,I,어란(조기/염장/염수장),수입,0,0,0,29
Jul-23,305204030,I,어란(청어/염장/염수장),수입,0,0,104,4575
Jul-23,305204090,I,어란(명태/ 조기/ 청어이외 기타/염장/ 염수장),수입,8424,140485,32084,509321
Jul-23,305311000,I,틸라피아/메기/잉어/뱀장어/나일퍼치 종의 건조한 것,수입,303,4031,3917,50801
Jul-23,305312000,I,틸라피아/메기/잉어/뱀장어/나일퍼치 종의 염장.염수장한 것,수입,0,0,0,20
Jul-23,305321000,I,브레그마세로티대과외6종무리에놀레피디대과어류 건조한것,수입,28001,302508,138326,1628284
Jul-23,305322000,I,브레그마세로티대과외6종무리에놀레피디대과어류(염장 또는 염수장한것),수입,0,0,1,3
Jul-23,305391000,I,기타어류의 피레트(건조한것),수입,0,0,124,1797
Jul-23,305392000,I,기타어류의 피레트(염장 또는 염수장한 것),수입,1,15,172,1120
Jul-23,305410000,I,태평양 연어(옹코링쿠스- 넬카/고르부스카/케타/차비차/키수츠/마소/로두루스)/ 대서양 연어(살모 살라)/ 다뉴브 연어(후코 후코)),수입,2423,99417,35284,1110778
Jul-23,305430000,I,송어(훈제한 어류),수입,0,0,15,45
Jul-23,305440000,I,틸라피아/메기/잉어/뱀장어/나일퍼치 종의 훈제한 것,수입,0,0,3820,8993
Jul-23,305491000,I,멸치(훈제/피레트포함),수입,6,44,476,2216
Jul-23,305492000,I,명태(훈제/피레트포함),수입,4,1,44,1054
Jul-23,305499000,I,어류(연어/ 청어/ 멸치/ 명태이외 기타/훈제/피레트 포함),수입,92555,873054,775657,7504102
Jul-23,305510000,I,대구(건조/염장불문/훈제제외),수입,13200,133687,93738,1003669
Jul-23,305520000,I,틸라피아[오레오크로미스(Oreochromis)종]/ 메기[판가시우스(Pangasius)종ㆍ실루러스(Silurus)종ㆍ클라리아스(Clarias)종ㆍ익타루러스(Ictalurus)종]/ 잉어[사이,수입,0,0,6142,53536
Jul-23,305531000,I,기타 어류(건조),수입,712194,8151896,3899395,44022394
Jul-23,305539000,I,기타 어류(건조),수입,0,3,3,46
Jul-23,305541000,I,멸치[엔그라울리스(Engraulis)종],수입,2059,9888,47900,273812
Jul-23,305549000,I,기타,수입,3241,15050,39765,235557
Jul-23,305594000,I,조기(건조/염장불문/훈제제외),수입,0,0,26,504
Jul-23,305595000,I,복어(건조/염장불문/훈제제외),수입,0,0,8,35
Jul-23,305596000,I,갯장어(건조/염장불문/훈제제외),수입,0,0,7,61
Jul-23,305599000,I,어류(대구/상어지느러미/멸치/명태/조기등외기타건조/훈제제외),수입,79178,328891,883501,3976945
Jul-23,305631000,I,멸치젓(염장/염수장),수입,30,334,378,5184
Jul-23,305639000,I,멸치(멸치젓 이외 기타/염장/ 염수장),수입,31,306,33,346
Jul-23,305640000,I,틸라피아/메기/잉어/뱀장어/나일퍼치 종의 건조한 것,수입,0,0,10807,38016
Jul-23,305692000,I,송어(염장/염수장),수입,60,1745,180,5381
Jul-23,305694000,I,정어리(염장/염수장),수입,0,0,107,897
Jul-23,305695000,I,고등어(염장/염수장),수입,1543,18685,1814,20966
Jul-23,305699000,I,어류(청어/대구/연어/송어/갈치/정어리/고등어 등 이외),수입,2371,26130,31427,174756
Jul-23,305711000,I,상어 지느러미(훈제한 것),수입,0,0,24,96
Jul-23,305712000,I,상어 지느러미(건조한 것),수입,141,72445,362,136878
Jul-23,305713000,I,상어 지느러미(염장 또는 염수장한것),수입,0,0,29,223
Jul-23,305720000,I,대구(가두스모르화)/ 대구 이외,수입,46855,173553,262067,875042
Jul-23,305790000,I,기타 어류의 머리 꼬리,수입,27539,157822,206159,1250882
Jul-23,306119000,I,닭새우류(팔리누루스종 파누리루스종 자수스종)(냉동한것)(기타),수입,0,0,4010,126550
Jul-23,306129000,I,바닷가재(호마루스종)(냉동한 것) 훈제한 것(기타),수입,30849,1384799,493469,10712750
Jul-23,306141090,I,게살(냉동한 것) 훈제한 것(기타),수입,11269,117540,71446,833984
Jul-23,306142000,I,왕게(냉동),수입,75049,1289201,675289,10497083
Jul-23,306143090,I,꽃게(냉동한 것) 기타,수입,716909,2011014,7369471,22369011
Jul-23,306149090,I,갑각류 기타(냉동한 것)(훈제한것 외 기타),수입,1984014,11973451,12354241,67376260
Jul-23,306159000,I,노르웨이 바닷가재(네프로프스 노르베지쿠스)(냉동한 것)(기타),수입,3,370,154,15148
Jul-23,306161090,I,냉수성 새우류(판달러스종/크란곤 크란곤)의 새우살(냉동한 것)(훈제한 것 외 기타),수입,11449,321056,63918,1781756
Jul-23,306169090,I,냉수성 새우류(판달러스종/크란곤 크란곤)기타(냉동한 것)(훈제한 것),수입,41300,217743,687824,9604430
Jul-23,306171090,I,기타의 새우류의 새우살(냉동한 것)(훈제한 것 외 기타),수입,3062188,24842788,22390392,193113997
Jul-23,306179091,I,흰다리새우{리토페나에수스바나메이),수입,1617655,10052056,8273029,52259918
Jul-23,306179099,I,기타,수입,452500,3968767,2513453,25649507
Jul-23,306199000,I,기타[분ㆍ조분 및 펠리트를 포함(식용에 적합)](냉동한 것)(훈제한 것 외 기타),수입,38488,317366,177207,1388241
Jul-23,306310000,I,닭새우류[팔리누루스(Palinurus)종ㆍ파누리루스(Panulirus)종ㆍ자수스(Jasus)종],수입,1110,51223,11209,422946
Jul-23,306320000,I,바닷가재[호마루스(Homarus)종],수입,115944,2875952,1015839,27095746
Jul-23,306332000,I,대게,수입,834806,13589289,5952354,115445108
Jul-23,306339000,I,게(기타),수입,151853,4590408,4628051,79962210
Jul-23,306340000,I,노르웨이 바닷가재[네프로프스 노르베지쿠스(Nephrops norvegicus)],수입,0,0,712,42314
Jul-23,306350000,I,냉수성(冷水性) 새우류[판달러스(Pandalus)종ㆍ크란곤 크란곤(Crangon crangon)],수입,0,0,90,5600
Jul-23,306360000,I,그 밖의 새우류,수입,2191,42514,20313,559434
Jul-23,306390000,I,기타[식용에 적합한 것으로서 고운 가루ㆍ거친 가루와 펠릿(pellet)을 포함한다],수입,65,3863,491,27640
Jul-23,306930000,I,게(건조/ 염상/염수장/ 훈제/ 기타)-게살포함,수입,0,0,7777,43008
Jul-23,306951020,I,건조한 것,수입,2,2,5,5
Jul-23,306959020,I,건조한 것,수입,80944,926392,920921,8976251
Jul-23,306959030,I,염장이나 염수장한 것,수입,487292,371551,4117560,3454840
Jul-23,306959040,I,훈제한 것,수입,0,0,4,13
Jul-23,306992000,I,건조한 것,수입,133,1078,565,5322
Jul-23,306993000,I,염장이나 염수장한 것,수입,8,74,1279,6464
Jul-23,306994000,I,훈제한 것,수입,4,54,17,240
Jul-23,307111090,I,굴치패 종패용 외 기타(산 것  신선 또는 냉장한 것),수입,0,0,2,8
Jul-23,307119000,I,굴치패 기타(산 것 신선 또는 냉장한 것),수입,0,0,123099,144649
Jul-23,307120000,I,냉동한 것,수입,0,0,140576,1057936
Jul-23,307192000,I,기타 굴(건조한 것),수입,3400,61719,10256,161673
Jul-23,307211000,I,가리비과의조개(산것/ 신선/ 냉장) - 펙텐/ 클라미스/ 프라코펙텐 속의 것,수입,0,0,16856,9504
Jul-23,307219000,I,가리비과의조개 기타(산것/ 신선/ 냉장) - 펙텐/ 클라미스/ 프라코펙텐 속의 것 제외,수입,1089622,3567065,6405259,27174876
Jul-23,307221000,I,가리비과의조개(냉동),수입,130,726,34932,331129
Jul-23,307229000,I,가리비과의조개(냉동),수입,168017,1479220,581549,5080624
Jul-23,307299000,I,기타 가리비과의조개(기타),수입,57,523,637,5419
Jul-23,307310000,I,홍합(산것/신선/냉장),수입,0,0,7065,7065
Jul-23,307320000,I,냉동한 것,수입,282,1781,7071,31795
Jul-23,307392000,I,홍합(건조),수입,12,95,67,654
Jul-23,307399000,I,홍합(산 것/ 신선/ 냉장/ 냉동/ 건조 이외 기타),수입,0,0,1,30
Jul-23,307421010,I,세피아 오피시날리스(Sepia officinalis)ㆍ로시아 마크로소마(Rossia macrosoma)ㆍ세피올라(Sepiola)종,수입,0,0,10,102
Jul-23,307421090,I,기타,수입,180,2070,2731,31392
Jul-23,307422090,I,기타,수입,0,0,96019,162810
Jul-23,307431010,I,세피아 오피시날리스(Sepia officinalis)ㆍ로시아 마크로소마(Rossia macrosoma)ㆍ세피올라(Sepiola)종,수입,7830,59276,68429,499072
Jul-23,307431090,I,기타,수입,483114,4067930,3251719,24499631
Jul-23,307432010,I,옴마스트레페스(Ommastrephes)종ㆍ로리고(Loligo)종ㆍ노토토다루스(Nototodarus)종ㆍ세피오투디스(Sepioteuthis)종,수입,122376,741443,1037694,7362595
Jul-23,307432090,I,기타,수입,9140818,22934551,68602678,159730949
Jul-23,307492090,I,기타,수입,6,30,30,292
Jul-23,307493010,I,갑오징어[세피아 오피시날리스(Sepia officinalis)ㆍ로시아 마크로소마(Rossia macrosoma)ㆍ세피올라(Sepiola)종]와 오징어[옴마스트레페스(Ommastrephes)종ㆍ로,수입,61890,1998681,368877,11473046
Jul-23,307493090,I,기타,수입,24821,323699,372152,4650840
Jul-23,307494090,I,기타,수입,4,69,25,603
Jul-23,307511000,I,낙지(산것/신선/ 냉장),수입,557290,12277857,3772606,67441090
Jul-23,307512000,I,주꾸미(산것/신선/ 냉장),수입,14161,128688,1522924,6452476
Jul-23,307519000,I,기타문어(산것/신선/ 냉장),수입,1,2,603,5488
Jul-23,307521000,I,문어,수입,384149,3429034,3093856,28579048
Jul-23,307522000,I,낙지,수입,2865565,17694091,12565640,77757047
Jul-23,307523000,I,쭈꾸미,수입,2028079,13770836,13067335,85642176
Jul-23,307529000,I,기타,수입,0,0,1,140
Jul-23,307592000,I,문어(건조),수입,2,11,669,14157
Jul-23,307599000,I,문어(산것/ 신선/ 냉장/ 냉동/ 건조 이외 기타),수입,0,0,55666,443782
Jul-23,307600000,I,달팽이,수입,2330,7105,12535,47504
Jul-23,307711000,I,백합,수입,1082460,1387470,8846962,12042925
Jul-23,307712010,I,피조개 종패용(산 것  신선 또는 냉장한 것),수입,0,0,230927,578116
Jul-23,307712090,I,피조개 기타(산 것  신선 또는 냉장한 것),수입,0,0,116420,220043
Jul-23,307714000,I,바지락(산 것 신선 또는 냉장한 것),수입,444390,775651,9526065,15145210
Jul-23,307715000,I,개조개,수입,45700,229408,309730,1500776
Jul-23,307719000,I,클램/ 새조개 및 피조개 기타 살아있는겄/ 신선한 것/ 냉장한 것,수입,30825,146435,1082476,2907092
Jul-23,307721000,I,새조개,수입,16,142,12286,106247
Jul-23,307723000,I,바지락,수입,155390,259195,1645898,2827539
Jul-23,307724000,I,피조개,수입,2030,14599,10890,99030
Jul-23,307725000,I,개조개,수입,17701,57646,67841,340103
Jul-23,307729000,I,기타,수입,170557,310751,984880,3094233
Jul-23,307792010,I,개량조개(건조),수입,0,0,16000,132290
Jul-23,307793020,I,바지락(염장 또는 염수장한 것),수입,0,0,316800,2085313
Jul-23,307793090,I,클램/ 새조개 및 피조개 기타(염장 또는 염수장한 것),수입,38,219,338,3753
Jul-23,307820000,I,살아있거나/ 신선하거나 냉장한 수정고둥류[스트롬버스(Strombus)종],수입,116,260,728,2132
Jul-23,307830000,I,냉동한 전복[할리오티스(Haliotis)종],수입,0,0,5,585
Jul-23,307871000,I,건조한 것,수입,0,0,1,81
Jul-23,307872000,I,염장이나 염수장한 것,수입,0,0,1,42
Jul-23,307912090,I,진주조개(기타)(산 것 신선 또는 냉장한 것),수입,0,0,2,25
Jul-23,307913000,I,개아지살(산 것 신선 또는 냉장한 것),수입,0,0,176,22842
Jul-23,307914000,I,재첩(산 것 신선 또는 냉장한 것),수입,120800,91302,1092600,916400
Jul-23,307919000,I,기타[분 조분 펠리트 포함(식용 적합)]의 기타(산/신선/냉장),수입,227,502,123264,409242
Jul-23,307921000,I,개아지살,수입,53765,714106,889905,12378137
Jul-23,307922000,I,소라,수입,54925,350189,232112,1095998
Jul-23,307929000,I,기타,수입,302189,2743741,2413552,16367693
Jul-23,307992900,I,기타[분 조분 펠리트를 포함(식용에 적합한)]의 기타(건조),수입,1,5,466,7500
Jul-23,307994900,I,기타[분 조분 펠리트를 포함(식용에 적합한)]의 기타(훈제한 것),수입,0,0,1,12
Jul-23,308110000,I,해삼(산 것 신선 또는 냉장한 것),수입,3,13,854,8994
Jul-23,308120000,I,냉동한 것,수입,0,0,135158,606914
Jul-23,308192000,I,해삼(건조한 것),수입,0,0,825,33217
Jul-23,308210000,I,성게(산 것 신선 또는 냉장한 것),수입,6550,797938,62979,8536921
Jul-23,308220000,I,냉동한 것,수입,4062,241367,31199,2283623
Jul-23,308301000,I,해파리(산 것 신선 또는 냉장한 것),수입,7,93,409,18773
Jul-23,308304000,I,해파리(염장 또는 염수장한 것),수입,835080,1688970,3792845,8898471
Jul-23,308901019,I,우렁쉥이(기타)(산 것 신선 또는 냉장한 것),수입,0,0,397950,878965
Jul-23,308901090,I,수생무척추동물의 기타(산 것),수입,14632,253125,134752,2176993
Jul-23,308902010,I,우렁쉥이(냉동한 것),수입,900,3270,900,3270
Jul-23,308904000,I,수생무척추동물의 기타(염장 또는 염수장한 것),수입,0,0,25517,65395
Jul-23,309100000,I,식용어류분,수입,6704,73619,17428,156752
Jul-23,309901000,I,식용어류분,수입,5,154,72305,234636
Jul-23,309902000,I,식용어류분,수입,44150,351988,149183,1380252
Jul-23,309909000,I,식용어류분,수입,18,195,1250,36041
Jul-23,508001000,I,산호(coral),수입,0,0,32135,18516
Jul-23,508002010,I,진주패각,수입,0,0,13277,241739
Jul-23,508002020,I,청패각(전복),수입,0,0,11450,96974
Jul-23,508002030,I,첩패각과 지첩패각,수입,175234,155610,2476678,2010033
Jul-23,508002040,I,야광패각(소라),수입,9500,22377,104700,227434
Jul-23,508002070,I,민물패각,수입,0,0,1,11
Jul-23,508002090,I,기타패각,수입,1073609,215563,7042344,1311560
Jul-23,508009000,I,연체동물/갑각류/극피동물,수입,25864,27986,116406,112913
Jul-23,511911010,I,부화용알(브라인슈림프알),수입,2041,178197,48282,2582763
Jul-23,511911090,I,부화용알(브라인슈림프 알 이,수입,19,19499,179,89917
Jul-23,511912000,I,어류의웨이스트,수입,144580,188874,1156682,1945529
Jul-23,511919000,I,어류/갑각류/연체동물/수행동,수입,20035,37805,333961,548606
Jul-23,511996000,I,동물성의해면,수입,1188,49056,5215,253217
Jul-23,1212211010,I,김(건조한 것)(식용의 것),수입,36,206,26943,375688
Jul-23,1212211090,I,김(기타)(식용의 것),수입,34,233,284,3182
Jul-23,1212212010,I,미역(건조한 것)(식용의 것),수입,28322,291136,175577,1464256
Jul-23,1212212020,I,미역(염장한 것)(식용의 것),수입,157470,315882,933037,1899116
Jul-23,1212212090,I,미역(기타)(식용의 것),수입,5,229,33,2707
Jul-23,1212213010,I,톳(건조한 것)(식용의 것),수입,0,0,13714,130010
Jul-23,1212213090,I,톳(기타)(식용의 것),수입,0,0,1,12
Jul-23,1212214010,I,파래(건조한 것)(식용의 것),수입,0,0,0,11
Jul-23,1212214090,I,파래(기타)(식용의 것),수입,0,0,10,1960
Jul-23,1212215010,I,다시마(염장한 것)(식용의 것),수입,1,22,23,359
Jul-23,1212215030,I,다시마(냉동한 것)(식용의 것),수입,1033,2558,1033,2558
Jul-23,1212215090,I,다시마(기타)(식용의 것),수입,9,228,179,2866
Jul-23,1212216090,I,우뭇가사리(기타)(식용의 것),수입,107211,284273,269274,727491
Jul-23,1212217019,I,기타,수입,0,0,46200,323400
Jul-23,1212218029,I,진두발(기타)(식용의 것),수입,1,87,23139,87363
Jul-23,1212218031,I,말(냉동)(식용의 것),수입,90,622,900,6731
Jul-23,1212218039,I,말(기타)(식용의 것),수입,0,0,2280,3397
Jul-23,1212219019,I,코토니 및 스피노잠(기타)(식용의 것),수입,144964,310876,3781404,5167142
Jul-23,1212219099,I,해초류와 기타조류 기타(기타)(식용의 것),수입,24503,123984,591602,1542243
Jul-23,1212291090,I,김(기타),수입,2,16,28,278
Jul-23,1212292010,I,미역(냉동한 것),수입,0,16,7,53
Jul-23,1212292090,I,미역(기타),수입,49202,99793,71492,150308
Jul-23,1212293090,I,톳(기타),수입,0,0,1,39
Jul-23,1212294090,I,파래(기타),수입,24000,45400,32450,61782
Jul-23,1212295090,I,다시마(기타),수입,1,14,14283,14097
Jul-23,1212298019,I,도박(기타),수입,0,0,0,2
Jul-23,1212298029,I,진두발(기타),수입,11,477,11,477
Jul-23,1212298039,I,말(기타),수입,0,0,3068,6777
Jul-23,1212299091,I,해초류와 기타조류 기타(냉동,수입,0,0,1,12
Jul-23,1212299099,I,해초류와 기타조류 기타(기타),수입,137,3721,37859,85076
Jul-23,1302311000,I,실한천,수입,800,11609,8180,135819
Jul-23,1302312000,I,분한천,수입,11275,190936,237010,3803689
Jul-23,1302319000,I,한천(실한천/분한천 이외 기타),수입,63,10455,6047,263768
Jul-23,1504101000,I,상어의 간유(肝油)와 그 분획물,수입,0,0,23485,214055
Jul-23,1504109000,I,어류의간유/분획물(상어의간유,수입,410,27627,2364,181130
Jul-23,1504200000,I,어류의 지방과 기름 및 그 분획물[간유(肝油)는 제외한다],수입,866255,2533756,3279205,9202337
Jul-23,1504309000,I,기타해서포유동물의 유지와 그,수입,16,583,71,1946
Jul-23,1516102000,I,고래기름/분획물(수소 첨가/,수입,0,0,4,52
Jul-23,1521901000,I,경납(동물성 납),수입,0,0,2020,14825
Jul-23,1603003000,I,어류의액스,수입,1440,15475,20054,228407
Jul-23,1603004000,I,어류의즙,수입,36,1870,24032,24523
Jul-23,1603009000,I,갑각류/연체동물/수생동물의,수입,38022,143534,210838,1342491
Jul-23,1604111000,I,연어(조제/밀폐용기에 넣은 것),수입,949,8579,9199,70788
Jul-23,1604119000,I,연어(조제/밀페용기에 넣은 것 이외 기타),수입,5815,85802,28524,472616
Jul-23,1604121000,I,청어(밀폐용기에넣은것),수입,24,108,27029,163685
Jul-23,1604129000,I,청어(통조림외조제품),수입,0,6,857,29505
Jul-23,1604131000,I,정어리(밀폐용기에넣은것),수입,8892,22282,72379,198733
Jul-23,1604139000,I,정어리(통조림외조제품),수입,77,1979,443,10312
Jul-23,1604141011,I,다랭이(기름담금),수입,112,1908,35672,191194
Jul-23,1604141012,I,다랭이(보일드),수입,12,345,5190,32493
Jul-23,1604141019,I,다랭이류(다랭이/ 가다랭이 이외 기타/조제/밀폐용기에 넣은 것),수입,35509,261807,175493,1016642
Jul-23,1604141021,I,다랭이류(조제/밀폐용기에 넣은 것 이외 기타),수입,242501,993371,1026121,3902104
Jul-23,1604141029,I,가다랭이(기타),수입,7,329,265598,911868
Jul-23,1604141031,I,버니토우(기름담근것(밀폐용기,수입,18048,52125,54144,155268
Jul-23,1604141039,I,버니토우(기타),수입,12,194,3213,26416
Jul-23,1604149000,I,다랭이류(조제/밀폐용기에 넣은 것 이외 기타),수입,86065,486415,898102,4811034
Jul-23,1604151000,I,고등어(조제/밀폐용기에 넣은 것),수입,16135,75250,317256,1519868
Jul-23,1604159000,I,고등어(조제/밀폐용기에 넣은 것 이외 기타),수입,1266,11001,8151,78684
Jul-23,1604161000,I,멸치(조제/밀폐용기에 넣은 것),수입,4709,83518,32801,538519
Jul-23,1604169000,I,전갱이(조제/밀폐용기에 넣은 것 이외 기타),수입,79,6083,16154,203013
Jul-23,1604171000,I,뱀장어(조제 또는 저장처리)(밀폐용기에 넣은 것),수입,1601,22257,31211,557334
Jul-23,1604179000,I,뱀장어(조제 또는 저장처리),수입,96591,1454093,809471,14058052
Jul-23,1604180000,I,상어지느러미/ 기타조제저장처리상어지느러미(밀폐용기에넣은것 포함/ 밀폐용기이외),수입,0,0,14126,1602773
Jul-23,1604191010,I,꽁치(통조림외조제품),수입,46,410,91,956
Jul-23,1604191020,I,전갱이(밀폐용기에넣은것),수입,19911,61297,46054,147794
Jul-23,1604191090,I,어류조제품(연어/청어/정어리/고등어 등 밀폐용기에넣은것),수입,3698,181645,68196,494217
Jul-23,1604199010,I,쥐치포(조제/밀페용기 이외 기타),수입,378767,3478274,3019733,26690926
Jul-23,1604199090,I,어류조제품(연어/청어/고등어/기타/조제/밀폐용기에 넣은 것),수입,1000796,4528538,6728189,34921579
Jul-23,1604201000,I,생선페이스트,수입,330,3491,5666,52935
Jul-23,1604202000,I,생선마리네이드,수입,6897,62361,14580,136092
Jul-23,1604203000,I,생선소시지,수입,413,3072,3198,54764
Jul-23,1604204010,I,생선묵(게맛),수입,104843,407960,751877,2682792
Jul-23,1604204090,I,생선묵(게맛의 것 이외 기타),수입,308965,1383116,2032238,9165391
Jul-23,1604209000,I,어류조제/저장제품(생선 페이스트/마리네이드/소시지/생선묵),수입,318824,1534025,2379633,11372158
Jul-23,1604310000,I,캐비아,수입,192,133586,1722,1415053
Jul-23,1604320000,I,캐비아 대용물,수입,262541,2825338,1553349,20169325
Jul-23,1605101010,I,게살(밀폐용기에넣은것),수입,744,38524,2879,100507
Jul-23,1605101091,I,붉은 대게살(밀폐용기에 넣은 것/ 훈제한 것 이외 기타),수입,0,0,960,3744
Jul-23,1605101099,I,기타 게살(밀폐용기에 넣은 것/ 훈제한 것 이외 기타),수입,2110,44726,21379,178348
Jul-23,1605109000,I,게 조제품(게살 이외 기타),수입,5171,48260,22606,241220
Jul-23,1605211000,I,새우류(조제 또는 저장처리)(밀폐용기에 넣지 아니한 것)(브레드한 것),수입,1159565,7534724,8687584,58359312
Jul-23,1605219000,I,새우류(조제 또는 저장처리)(밀폐용기에 넣지 아니한 것)(기타),수입,513955,5620160,4561894,52224367
Jul-23,1605290000,I,새우류(조제 또는 저장처리),수입,10119,131666,106115,1197266
Jul-23,1605301000,I,바다가재(밀폐용기에넣은것),수입,35,165,155,1738
Jul-23,1605309000,I,바다가재(통조림외),수입,27519,101980,103477,364691
Jul-23,1605401000,I,기타갑각류(밀폐용기에넣은것),수입,7,51,7,51
Jul-23,1605409000,I,갑각류 조제품(게/새우/바다가재기타/밀폐용기에넣은것이외기타),수입,69,822,215,2637
Jul-23,1605511000,I,굴(조제 또는 저장처리)(밀폐용기에 넣은 것),수입,30,484,192,3315
Jul-23,1605519000,I,굴(조제 또는 저장처리)(기타),수입,3,35,132,348
Jul-23,1605520000,I,가리비과의조개(조제/저장/기타/ 밀폐용기에 넣은 것 포함),수입,218362,1719352,1258562,8284686
Jul-23,1605531000,I,홍합(조제 또는 저장처리)(밀폐용기에 넣은 것),수입,117,3617,21217,60775
Jul-23,1605539000,I,홍합(조제 또는 저장처리)(기타),수입,339380,1058865,2699802,10638812
Jul-23,1605541000,I,갑오징어/ 기타조제저장처리갑오징어(밀폐용기에넣은것 포함/ 밀폐용기이외),수입,360,4015,10759,73035
Jul-23,1605542010,I,오징어(조제 또는 저장처리)(밀폐용기에 넣은 것),수입,687,18990,5158,118289
Jul-23,1605542091,I,조미오징어(조제 또는 저장처리)(밀폐용기에 넣은 것),수입,1028007,5260570,6552351,30833576
Jul-23,1605542099,I,오징어 기타(조제 또는 저장처리),수입,2196943,9267003,18298559,77892149
Jul-23,1605550000,I,문어/ 기타조제저장처리문어(밀폐용기에넣은것 포함/ 밀폐용기이외),수입,420519,3081588,3326185,23300397
Jul-23,1605561010,I,바지락(조제 또는 저장처리)(밀폐용기에 넣은 것),수입,246,2947,3168,41118
Jul-23,1605561090,I,바지락(조제 또는 저장처리)(기타),수입,441270,1286506,3248346,8329053
Jul-23,1605562010,I,새조개(조제 또는 저장처리)(밀폐용기에 넣은 것),수입,0,0,102,676
Jul-23,1605562090,I,새조개(조제 또는 저장처리)(기타),수입,0,0,403,7224
Jul-23,1605569010,I,클램/ 새조개 및 피조개 기타(조제 또는 저장처리)(밀폐용기에 넣은 것),수입,116,3774,144,6402
Jul-23,1605569090,I,클램/ 새조개 및 피조개 기타(조제 또는 저장처리)(기타),수입,44713,177521,273591,1209172
Jul-23,1605571000,I,전복(밀폐용기에넣은것),수입,240,10981,463,30111
Jul-23,1605579000,I,전복(조제 또는 저장처리) 기타,수입,129992,3225796,537301,12052833
Jul-23,1605581000,I,달팽이(조제 또는 저장처리)(밀폐용기에 넣은 것),수입,317,6118,10385,51917
Jul-23,1605589000,I,달팽이(조제 또는 저장처리)(기타),수입,7192,105624,165598,1299613
Jul-23,1605591010,I,골뱅이(조제 또는 저장처리)(밀폐용기에 넣은 것),수입,0,0,38,699
Jul-23,1605591090,I,골뱅이(조제 또는 저장처리)(기타),수입,366484,3811017,2122473,21345150
Jul-23,1605592010,I,소라(밀폐용기에 넣은것),수입,0,0,1,12
Jul-23,1605592090,I,소라(조제 또는 저장처리)기타,수입,0,0,549781,3387093
Jul-23,1605599010,I,연체동물 기타(조제 또는 저장처리)(밀폐용기에 넣은 것),수입,116,3811,121,3957
Jul-23,1605599090,I,연체동물 기타(조제 또는 저장처리)(기타),수입,288529,1594779,2482763,15164621
Jul-23,1605611000,I,해삼(조제 또는 저장처리)(밀폐용기에 넣은 것),수입,160,48787,162,48823
Jul-23,1605619000,I,해삼(조제 또는 저장처리)기타,수입,146614,1985921,836199,10191310
Jul-23,1605621000,I,성게(조제 또는 저장처리)(밀폐용기에 넣은 것),수입,1,72,209,5225
Jul-23,1605629000,I,성게(조제 또는 저장처리)(기타),수입,446,20698,1383,68339
Jul-23,1605631000,I,해파리(조제 또는 저장처리)(밀폐용기에 넣은 것),수입,760,6976,3003,22739
Jul-23,1605639000,I,해파리(조제 또는 저장처리)(기타),수입,4434,51033,21311,251861
Jul-23,1605690000,I,기타조제저장처리수생무척추동물(밀폐용기에넣은것 포함/ 밀폐용기에 넣지 않은 것)-해삼/성게/해파리제외,수입,195,2078,41260,319702
Jul-23,2008995010,I,김,수입,2211,129288,45115,859852
Jul-23,2008995090,I,조제한 해조류 김 제외,수입,6236,61563,36309,372855
Jul-23,2102203010,I,클로렐라 효모(둥글넓적한 것),수입,0,0,560,20513
Jul-23,2102203090,I,클로렐라 효모(기타),수입,1010,17867,3491,63115
Jul-23,2102204010,I,스리루리나 효모(둥글넓적한 것),수입,773,19814,4758,146186
Jul-23,2102204090,I,스리루리나 효모(기타),수입,3804,32866,16886,381578
Jul-23,2104102000,I,어류의 수우프/ 브로드와 수우프 브로드 제조용 조제품,수입,18,314,7339,65620
Jul-23,2301201000,I,어류의 분.조분 및 펠리트,수입,4442042,7988809,34538337,63652302
Jul-23,2301209000,I,어류외기타 분.조분 및 펠리트,수입,13,102,921858,1307534
Jul-23,2501001010,I,암염(岩鹽),수입,549656,166660,1875113,709185
Jul-23,2501001020,I,천일염,수입,285169468,14495057,2441735999,107747204
Jul-23,2501009010,I,식염,수입,18729365,1706205,135382169,12515143
Jul-23,2501009020,I,순염화나트륨,수입,1009714,541014,10219932,5382614
Jul-23,2501009090,I,기타소금/해수,수입,14598260,998188,35533650,4684495
Jul-23,4103901010,I,원피(장어류의 것)(비유연처리의 것),수입,0,0,47,389
Jul-23,7101210000,I,양식진주(가공하지않은것),수입,265,125929,645,292144
Jul-23,7101220000,I,양식진주(가공한것),수입,196,302550,1465,1764881
Jul-23,7116101000,I,천연진주로만든 것,수입,3,1934,22,22530
Jul-23,7116102000,I,양식진주로 만든 것,수입,716,456696,4372,2790025
Jul-23,9601901090,I,패각(기타),수입,89570,90507,539230,717101
Jul-23,9606291000,I,조개껍질로 만든것,수입,1719,106630,9352,446803
